City,Neighborhood,Real Cases,Number of predictions,Lags,Days to predict,RMSE,Hits
Giron,EL POBLADO,0,15,600,100,0.3872983346207417,0
Giron,EL POBLADO,0,21,600,150,0.37416573867739417,0
Giron,EL POBLADO,0,24,600,200,0.34641016151377546,0
Giron,EL POBLADO,0,26,600,250,0.322490309931942,0
Giron,EL POBLADO,0,27,600,300,0.3,0
Giron,EL POBLADO,0,28,600,350,0.282842712474619,0
Giron,EL POBLADO,0,29,600,400,0.2692582403567252,0
Giron,EL POBLADO,0,31,600,450,0.26246692913372704,0
Giron,EL POBLADO,1,31,600,500,0.25298221281347033,0
Giron,EL POBLADO,1,31,600,550,0.23354968324845687,1
Giron,EL POBLADO,1,32,600,600,0.2345207879911715,0
Giron,EL POBLADO,3,32,600,650,0.23204774044612855,0
Giron,EL POBLADO,4,32,600,700,0.2203892660077359,1
Giron,EL POBLADO,4,32,600,750,0.21908902300206645,0
Giron,EL POBLADO,5,32,600,800,0.21505813167606566,0
Giron,EL POBLADO,5,32,600,850,0.20863703354080235,0
Giron,EL POBLADO,6,32,600,900,0.2,1
Giron,EL POBLADO,8,32,600,950,0.20519567041703082,0
Giron,EL POBLADO,10,32,600,1000,0.20493901531919198,0
Giron,EL POBLADO,10,32,600,1050,0.2,0
Giron,EL POBLADO,0,17,650,100,0.41231056256176607,0
Giron,EL POBLADO,0,27,650,150,0.4242640687119285,0
Giron,EL POBLADO,0,32,650,200,0.4,0
Giron,EL POBLADO,0,39,650,250,0.39496835316262996,0
Giron,EL POBLADO,0,42,650,300,0.37416573867739417,0
Giron,EL POBLADO,0,44,650,350,0.35456210417116735,0
Giron,EL POBLADO,0,48,650,400,0.34641016151377546,0
Giron,EL POBLADO,0,50,650,450,0.3333333333333333,0
Giron,EL POBLADO,1,51,650,500,0.322490309931942,0
Giron,EL POBLADO,1,51,650,550,0.30151134457776363,1
Giron,EL POBLADO,1,53,650,600,0.3,0
Giron,EL POBLADO,3,53,650,650,0.2935197542821371,0
Giron,EL POBLADO,4,53,650,700,0.2751622897751175,2
Giron,EL POBLADO,4,53,650,750,0.27080128015453203,1
Giron,EL POBLADO,5,53,650,800,0.2692582403567252,0
Giron,EL POBLADO,5,53,650,850,0.26121886248440607,0
Giron,EL POBLADO,6,53,650,900,0.2472066162365221,2
Giron,EL POBLADO,8,53,650,950,0.253397960362331,0
Giron,EL POBLADO,10,53,650,1000,0.25099800796022265,0
Giron,EL POBLADO,10,53,650,1050,0.2449489742783178,0
Giron,EL POBLADO,0,21,700,100,0.458257569495584,0
Giron,EL POBLADO,0,33,700,150,0.469041575982343,0
Giron,EL POBLADO,0,43,700,200,0.4636809247747852,0
Giron,EL POBLADO,0,54,700,250,0.46475800154489,0
Giron,EL POBLADO,0,60,700,300,0.4472135954999579,0
Giron,EL POBLADO,0,66,700,350,0.43424811867344754,0
Giron,EL POBLADO,0,73,700,400,0.42720018726587655,0
Giron,EL POBLADO,0,78,700,450,0.41633319989322654,0
Giron,EL POBLADO,1,80,700,500,0.40249223594996214,0
Giron,EL POBLADO,1,85,700,550,0.3908033683673578,1
Giron,EL POBLADO,1,87,700,600,0.38297084310253526,0
Giron,EL POBLADO,3,88,700,650,0.37416573867739417,0
Giron,EL POBLADO,4,89,700,700,0.3565709706956767,2
Giron,EL POBLADO,4,90,700,750,0.35023801430836526,1
Giron,EL POBLADO,5,90,700,800,0.3409545424246464,1
Giron,EL POBLADO,5,91,700,850,0.33606722016672236,0
Giron,EL POBLADO,6,91,700,900,0.31797973380564853,3
Giron,EL POBLADO,8,91,700,950,0.3228165521093822,0
Giron,EL POBLADO,10,91,700,1000,0.3178049716414141,0
Giron,EL POBLADO,10,91,700,1050,0.3070597894314954,1
Giron,EL POBLADO,0,25,750,100,0.5,0
Giron,EL POBLADO,0,41,750,150,0.5228129047119374,0
Giron,EL POBLADO,0,58,750,200,0.5385164807134504,0
Giron,EL POBLADO,0,72,750,250,0.5366563145999496,0
Giron,EL POBLADO,0,85,750,300,0.5322906474223771,0
Giron,EL POBLADO,0,96,750,350,0.5237229365663817,0
Giron,EL POBLADO,0,109,750,400,0.5220153254455275,0
Giron,EL POBLADO,0,115,750,450,0.5055250296034367,0
Giron,EL POBLADO,1,121,750,500,0.4939635614091388,0
Giron,EL POBLADO,1,125,750,550,0.47482054026183984,1
Giron,EL POBLADO,1,128,750,600,0.4636809247747852,0
Giron,EL POBLADO,3,128,750,650,0.4489303526589192,0
Giron,EL POBLADO,4,134,750,700,0.43752550946038726,2
Giron,EL POBLADO,4,137,750,750,0.43050358109234504,1
Giron,EL POBLADO,5,137,750,800,0.4153311931459037,2
Giron,EL POBLADO,5,139,750,850,0.4115966043420212,0
Giron,EL POBLADO,6,141,750,900,0.3929942040850532,4
Giron,EL POBLADO,8,143,750,950,0.39868203925064477,0
Giron,EL POBLADO,10,144,750,1000,0.38987177379235854,1
Giron,EL POBLADO,10,144,750,1050,0.3804758924845367,1
Giron,EL POBLADO,0,34,800,100,0.5830951894845301,0
Giron,EL POBLADO,0,57,800,150,0.6164414002968976,0
Giron,EL POBLADO,0,77,800,200,0.6204836822995429,0
Giron,EL POBLADO,0,97,800,250,0.6324555320336759,0
Giron,EL POBLADO,0,117,800,300,0.6324555320336759,0
Giron,EL POBLADO,0,133,800,350,0.6233549779791837,0
Giron,EL POBLADO,0,143,800,400,0.6041522986797286,0
Giron,EL POBLADO,0,155,800,450,0.5925462944877059,0
Giron,EL POBLADO,1,166,800,500,0.5830951894845301,0
Giron,EL POBLADO,1,172,800,550,0.5624621199366553,1
Giron,EL POBLADO,1,176,800,600,0.5477225575051661,0
Giron,EL POBLADO,3,182,800,650,0.5349334969450372,1
Giron,EL POBLADO,4,193,800,700,0.5291502622129182,2
Giron,EL POBLADO,4,201,800,750,0.521536192416212,2
Giron,EL POBLADO,5,204,800,800,0.51234753829798,1
Giron,EL POBLADO,5,208,800,850,0.5041008302500835,0
Giron,EL POBLADO,6,211,800,900,0.48534065928536785,4
Giron,EL POBLADO,8,215,800,950,0.48774454055591976,0
Giron,EL POBLADO,10,219,800,1000,0.4753945729601885,3
Giron,EL POBLADO,10,221,800,1050,0.465985898008574,3
Giron,EL POBLADO,0,36,850,100,0.6244997998398398,0
Giron,EL POBLADO,0,62,850,150,0.6879922480183431,0
Giron,EL POBLADO,0,91,850,200,0.7280109889280518,0
Giron,EL POBLADO,0,112,850,250,0.7211102550927979,0
Giron,EL POBLADO,0,135,850,300,0.7211102550927979,0
Giron,EL POBLADO,0,157,850,350,0.7191264542087553,0
Giron,EL POBLADO,0,174,850,400,0.7088723439378912,0
Giron,EL POBLADO,0,196,850,450,0.7039570693980959,0
Giron,EL POBLADO,1,218,850,500,0.7014271166700072,0
Giron,EL POBLADO,1,231,850,550,0.6862281624278407,0
Giron,EL POBLADO,1,240,850,600,0.668331255192114,0
Giron,EL POBLADO,3,253,850,650,0.6575010968110184,1
Giron,EL POBLADO,4,273,850,700,0.656832224718437,1
Giron,EL POBLADO,4,293,850,750,0.6531972647421809,2
Giron,EL POBLADO,5,308,850,800,0.6442049363362563,2
Giron,EL POBLADO,5,328,850,850,0.6489811018729554,1
Giron,EL POBLADO,6,341,850,900,0.6377042156569663,4
Giron,EL POBLADO,8,357,850,950,0.642364054837573,0
Giron,EL POBLADO,10,372,850,1000,0.6316644678941503,5
Giron,EL POBLADO,10,393,850,1050,0.6324555320336759,5
Giron,EL POBLADO,0,46,900,100,0.7211102550927979,0
Giron,EL POBLADO,0,72,900,150,0.7483314773547883,0
Giron,EL POBLADO,0,110,900,200,0.8,0
Giron,EL POBLADO,0,134,900,250,0.8099382692526635,0
Giron,EL POBLADO,0,164,900,300,0.8286535263104036,0
Giron,EL POBLADO,0,189,900,350,0.8332380897952963,0
Giron,EL POBLADO,0,216,900,400,0.8261355820929153,0
Giron,EL POBLADO,0,238,900,450,0.8178562764256865,0
Giron,EL POBLADO,1,265,900,500,0.8185352771872451,0
Giron,EL POBLADO,1,284,900,550,0.8,1
Giron,EL POBLADO,1,301,900,600,0.7863417408056965,0
Giron,EL POBLADO,3,315,900,650,0.7676136848902377,2
Giron,EL POBLADO,4,334,900,700,0.7587583842794,2
Giron,EL POBLADO,4,360,900,750,0.7545418035691153,1
Giron,EL POBLADO,5,388,900,800,0.7549834435270749,1
Giron,EL POBLADO,5,418,900,850,0.757705514734335,2
Giron,EL POBLADO,6,442,900,900,0.749073501808141,6
Giron,EL POBLADO,8,464,900,950,0.7518398485679891,2
Giron,EL POBLADO,10,490,900,1000,0.7463243262818117,6
Giron,EL POBLADO,10,518,900,1050,0.7464200272921789,6
Giron,EL POBLADO,0,50,950,100,0.9055385138137416,0
Giron,EL POBLADO,0,80,950,150,0.9309493362512627,0
Giron,EL POBLADO,0,119,950,200,0.9669539802906858,0
Giron,EL POBLADO,0,153,950,250,1.0237187113655781,0
Giron,EL POBLADO,0,189,950,300,1.0739335795724674,0
Giron,EL POBLADO,0,221,950,350,1.0796824930109248,0
Giron,EL POBLADO,0,251,950,400,1.0805091392487154,0
Giron,EL POBLADO,0,288,950,450,1.0728984626287388,0
Giron,EL POBLADO,1,320,950,500,1.066770828247567,0
Giron,EL POBLADO,1,354,950,550,1.0522702729207583,0
Giron,EL POBLADO,1,385,950,600,1.0432321569685883,1
Giron,EL POBLADO,3,412,950,650,1.0325472609783275,0
Giron,EL POBLADO,4,443,950,700,1.0177004891982149,3
Giron,EL POBLADO,4,483,950,750,1.0119288512538813,1
Giron,EL POBLADO,5,526,950,800,1.0087120500916007,0
Giron,EL POBLADO,5,571,950,850,1.0064497883504115,2
Giron,EL POBLADO,6,611,950,900,1.0005554013202422,6
Giron,EL POBLADO,8,650,950,950,1.0005261773581675,3
Giron,EL POBLADO,10,692,950,1000,0.9919677414109795,5
Giron,EL POBLADO,10,737,950,1050,0.9880235200593537,4
Giron,EL POBLADO,0,65,1000,100,1.2124355652982142,0
Giron,EL POBLADO,0,103,1000,150,1.2274635093014645,0
Giron,EL POBLADO,0,142,1000,200,1.2629330940315089,0
Giron,EL POBLADO,0,184,1000,250,1.3281566172707193,0
Giron,EL POBLADO,0,227,1000,300,1.4247806848775006,0
Giron,EL POBLADO,0,269,1000,350,1.4726070176973314,0
Giron,EL POBLADO,0,306,1000,400,1.4628738838327795,0
Giron,EL POBLADO,0,340,1000,450,1.4636332266733432,0
Giron,EL POBLADO,1,373,1000,500,1.4546477236774544,0
Giron,EL POBLADO,1,409,1000,550,1.4485102064472373,1
Giron,EL POBLADO,1,444,1000,600,1.42828568570857,0
Giron,EL POBLADO,3,478,1000,650,1.4109462182412307,2
Giron,EL POBLADO,4,517,1000,700,1.386671245413686,2
Giron,EL POBLADO,4,557,1000,750,1.3725887949418791,1
Giron,EL POBLADO,5,602,1000,800,1.357847561400027,4
Giron,EL POBLADO,5,646,1000,850,1.3490737563232043,3
Giron,EL POBLADO,6,692,1000,900,1.3428824718989123,5
Giron,EL POBLADO,8,739,1000,950,1.3349551539875393,5
Giron,EL POBLADO,10,785,1000,1000,1.3258959235173777,3
Giron,EL POBLADO,10,832,1000,1050,1.3165611772087666,4
Giron,EL POBLADO,0,75,1050,100,1.4866068747318506,0
Giron,EL POBLADO,0,117,1050,150,1.5209646062066446,0
Giron,EL POBLADO,0,155,1050,200,1.5378556499229699,0
Giron,EL POBLADO,0,194,1050,250,1.5414279094398153,0
Giron,EL POBLADO,0,239,1050,300,1.6401219466856725,0
Giron,EL POBLADO,0,281,1050,350,1.7204650534085253,0
Giron,EL POBLADO,0,321,1050,400,1.736375535418534,0
Giron,EL POBLADO,0,364,1050,450,1.7688665548562132,0
Giron,EL POBLADO,1,405,1050,500,1.7578395831246945,0
Giron,EL POBLADO,1,444,1050,550,1.7435595774162693,0
Giron,EL POBLADO,1,478,1050,600,1.734454765433026,1
Giron,EL POBLADO,3,518,1050,650,1.7204650534085253,1
Giron,EL POBLADO,4,556,1050,700,1.6949504838953682,2
Giron,EL POBLADO,4,595,1050,750,1.6772994167212165,0
Giron,EL POBLADO,5,639,1050,800,1.6598192672697831,2
Giron,EL POBLADO,5,683,1050,850,1.648171892805873,1
Giron,EL POBLADO,6,729,1050,900,1.6394443503143916,4
Giron,EL POBLADO,8,777,1050,950,1.6293363195194732,2
Giron,EL POBLADO,10,825,1050,1000,1.6211107303327557,4
Giron,EL POBLADO,10,871,1050,1050,1.6139274781606219,2
Giron,RINCON DE GIRON,0,10,600,100,0.31622776601683794,0
Giron,RINCON DE GIRON,0,14,600,150,0.30550504633038933,0
Giron,RINCON DE GIRON,0,19,600,200,0.3082207001484488,0
Giron,RINCON DE GIRON,0,25,600,250,0.31622776601683794,0
Giron,RINCON DE GIRON,0,26,600,300,0.2943920288775949,0
Giron,RINCON DE GIRON,0,26,600,350,0.27255405754769874,0
Giron,RINCON DE GIRON,0,27,600,400,0.2598076211353316,0
Giron,RINCON DE GIRON,0,28,600,450,0.24944382578492943,0
Giron,RINCON DE GIRON,0,29,600,500,0.24083189157584592,0
Giron,RINCON DE GIRON,2,29,600,550,0.23741027013091992,0
Giron,RINCON DE GIRON,4,29,600,600,0.2345207879911715,0
Giron,RINCON DE GIRON,4,29,600,650,0.22532028485964323,0
Giron,RINCON DE GIRON,4,29,600,700,0.21712405933672377,0
Giron,RINCON DE GIRON,4,29,600,750,0.2033060090930254,1
Giron,RINCON DE GIRON,4,29,600,800,0.203100960115899,0
Giron,RINCON DE GIRON,5,29,600,850,0.2,0
Giron,RINCON DE GIRON,6,29,600,900,0.19720265943665388,0
Giron,RINCON DE GIRON,7,29,600,950,0.19466570535691505,0
Giron,RINCON DE GIRON,8,29,600,1000,0.19235384061671346,0
Giron,RINCON DE GIRON,9,29,600,1050,0.19023794624226836,0
Giron,RINCON DE GIRON,0,22,650,100,0.469041575982343,0
Giron,RINCON DE GIRON,0,27,650,150,0.4242640687119285,0
Giron,RINCON DE GIRON,0,34,650,200,0.41231056256176607,0
Giron,RINCON DE GIRON,0,40,650,250,0.4,0
Giron,RINCON DE GIRON,0,41,650,300,0.3696845502136472,0
Giron,RINCON DE GIRON,0,44,650,350,0.35456210417116735,0
Giron,RINCON DE GIRON,0,48,650,400,0.34641016151377546,0
Giron,RINCON DE GIRON,0,49,650,450,0.3299831645537222,0
Giron,RINCON DE GIRON,0,50,650,500,0.31622776601683794,0
Giron,RINCON DE GIRON,2,50,650,550,0.30748244591432294,0
Giron,RINCON DE GIRON,4,50,650,600,0.2943920288775949,1
Giron,RINCON DE GIRON,4,51,650,650,0.2908872369413698,0
Giron,RINCON DE GIRON,4,52,650,700,0.282842712474619,0
Giron,RINCON DE GIRON,4,52,650,750,0.2683281572999748,1
Giron,RINCON DE GIRON,4,53,650,800,0.2669269563007828,0
Giron,RINCON DE GIRON,5,53,650,850,0.26121886248440607,0
Giron,RINCON DE GIRON,6,53,650,900,0.2560381915956203,0
Giron,RINCON DE GIRON,7,53,650,950,0.2513123449750173,0
Giron,RINCON DE GIRON,8,53,650,1000,0.2469817807045694,0
Giron,RINCON DE GIRON,9,53,650,1050,0.23904572186687872,1
Giron,RINCON DE GIRON,0,30,700,100,0.5477225575051661,0
Giron,RINCON DE GIRON,0,39,700,150,0.5099019513592785,0
Giron,RINCON DE GIRON,0,49,700,200,0.4949747468305833,0
Giron,RINCON DE GIRON,0,61,700,250,0.4939635614091388,0
Giron,RINCON DE GIRON,0,68,700,300,0.4760952285695233,0
Giron,RINCON DE GIRON,0,75,700,350,0.4629100498862757,0
Giron,RINCON DE GIRON,0,81,700,400,0.45,0
Giron,RINCON DE GIRON,0,86,700,450,0.43716256828680006,0
Giron,RINCON DE GIRON,0,88,700,500,0.41952353926806063,0
Giron,RINCON DE GIRON,2,89,700,550,0.40226630708795613,1
Giron,RINCON DE GIRON,4,92,700,600,0.39581140290126393,1
Giron,RINCON DE GIRON,4,94,700,650,0.38430756913220915,1
Giron,RINCON DE GIRON,4,97,700,700,0.37984959429452375,0
Giron,RINCON DE GIRON,4,97,700,750,0.363318042491699,1
Giron,RINCON DE GIRON,4,98,700,800,0.3535533905932738,1
Giron,RINCON DE GIRON,5,100,700,850,0.34810410883561155,1
Giron,RINCON DE GIRON,6,100,700,900,0.34318767136623335,0
Giron,RINCON DE GIRON,7,100,700,950,0.335606285619576,0
Giron,RINCON DE GIRON,8,100,700,1000,0.3286335345030997,0
Giron,RINCON DE GIRON,9,100,700,1050,0.31622776601683794,2
Giron,RINCON DE GIRON,0,34,750,100,0.6082762530298219,0
Giron,RINCON DE GIRON,0,45,750,150,0.5830951894845301,0
Giron,RINCON DE GIRON,0,59,750,200,0.570087712549569,0
Giron,RINCON DE GIRON,0,72,750,250,0.5585696017507576,0
Giron,RINCON DE GIRON,0,82,750,300,0.5416025603090641,0
Giron,RINCON DE GIRON,0,92,750,350,0.5291502622129182,0
Giron,RINCON DE GIRON,0,103,750,400,0.5220153254455275,0
Giron,RINCON DE GIRON,0,113,750,450,0.514241620684717,0
Giron,RINCON DE GIRON,0,121,750,500,0.5039841267341661,0
Giron,RINCON DE GIRON,2,124,750,550,0.4861724348043977,1
Giron,RINCON DE GIRON,4,127,750,600,0.4743416490252569,1
Giron,RINCON DE GIRON,4,127,750,650,0.45909610188851613,0
Giron,RINCON DE GIRON,4,134,750,700,0.4535573676110727,0
Giron,RINCON DE GIRON,4,137,750,750,0.4427188724235731,0
Giron,RINCON DE GIRON,4,138,750,800,0.42720018726587655,1
Giron,RINCON DE GIRON,5,141,750,850,0.42008402520840293,1
Giron,RINCON DE GIRON,6,141,750,900,0.41231056256176607,0
Giron,RINCON DE GIRON,7,141,750,950,0.4026229789243216,0
Giron,RINCON DE GIRON,8,141,750,1000,0.39370039370059057,0
Giron,RINCON DE GIRON,9,141,750,1050,0.3779644730092272,3
Giron,RINCON DE GIRON,0,45,800,100,0.714142842854285,0
Giron,RINCON DE GIRON,0,62,800,150,0.6879922480183431,0
Giron,RINCON DE GIRON,0,82,800,200,0.6745368781616021,0
Giron,RINCON DE GIRON,0,96,800,250,0.648074069840786,0
Giron,RINCON DE GIRON,0,109,800,300,0.6271629240742259,0
Giron,RINCON DE GIRON,0,126,800,350,0.6210590034081188,0
Giron,RINCON DE GIRON,0,138,800,400,0.6123724356957945,0
Giron,RINCON DE GIRON,0,150,800,450,0.6,0
Giron,RINCON DE GIRON,0,162,800,500,0.589915248150105,0
Giron,RINCON DE GIRON,2,170,800,550,0.5720775535473553,2
Giron,RINCON DE GIRON,4,177,800,600,0.5612486080160912,2
Giron,RINCON DE GIRON,4,180,800,650,0.5463163355250678,1
Giron,RINCON DE GIRON,4,187,800,700,0.5385164807134504,0
Giron,RINCON DE GIRON,4,192,800,750,0.5266244708835066,0
Giron,RINCON DE GIRON,4,200,800,800,0.51478150704935,2
Giron,RINCON DE GIRON,5,206,800,850,0.505266382858645,3
Giron,RINCON DE GIRON,6,208,800,900,0.501109879279097,0
Giron,RINCON DE GIRON,7,212,800,950,0.49097111073763533,1
Giron,RINCON DE GIRON,8,212,800,1000,0.48166378315169184,0
Giron,RINCON DE GIRON,9,213,800,1050,0.465985898008574,3
Giron,RINCON DE GIRON,0,43,850,100,0.7615773105863908,0
Giron,RINCON DE GIRON,0,66,850,150,0.7615773105863908,0
Giron,RINCON DE GIRON,0,88,850,200,0.758287544405155,0
Giron,RINCON DE GIRON,0,112,850,250,0.74565407529229,0
Giron,RINCON DE GIRON,0,134,850,300,0.732575365861197,0
Giron,RINCON DE GIRON,0,155,850,350,0.7211102550927979,0
Giron,RINCON DE GIRON,0,166,850,400,0.6946221994724903,0
Giron,RINCON DE GIRON,0,187,850,450,0.6944222218666553,0
Giron,RINCON DE GIRON,0,206,850,500,0.6870225614927067,0
Giron,RINCON DE GIRON,2,226,850,550,0.6795720578556639,0
Giron,RINCON DE GIRON,4,245,850,600,0.67700320038633,2
Giron,RINCON DE GIRON,4,252,850,650,0.6586699885725429,2
Giron,RINCON DE GIRON,4,261,850,700,0.6491753010001008,0
Giron,RINCON DE GIRON,4,267,850,750,0.6314005596027507,1
Giron,RINCON DE GIRON,4,277,850,800,0.6194755846681933,2
Giron,RINCON DE GIRON,5,286,850,850,0.6106890996821445,2
Giron,RINCON DE GIRON,6,292,850,900,0.6018490028422596,1
Giron,RINCON DE GIRON,7,296,850,950,0.5848976518656018,4
Giron,RINCON DE GIRON,8,303,850,1000,0.5822370651203855,1
Giron,RINCON DE GIRON,9,305,850,1050,0.565685424949238,4
Giron,RINCON DE GIRON,0,59,900,100,1.02469507659596,0
Giron,RINCON DE GIRON,0,85,900,150,0.9556847457887634,0
Giron,RINCON DE GIRON,0,112,900,200,0.938083151964686,0
Giron,RINCON DE GIRON,0,137,900,250,0.909945053286186,0
Giron,RINCON DE GIRON,0,160,900,300,0.8812869377601523,0
Giron,RINCON DE GIRON,0,185,900,350,0.8635475005547093,0
Giron,RINCON DE GIRON,0,201,900,400,0.8321658488546619,0
Giron,RINCON DE GIRON,0,229,900,450,0.831330927555995,0
Giron,RINCON DE GIRON,0,249,900,500,0.8209750300709517,0
Giron,RINCON DE GIRON,2,267,900,550,0.8011355577043012,0
Giron,RINCON DE GIRON,4,290,900,600,0.7916228058025279,3
Giron,RINCON DE GIRON,4,303,900,650,0.7716116998754071,4
Giron,RINCON DE GIRON,4,316,900,700,0.7634508123364221,0
Giron,RINCON DE GIRON,4,324,900,750,0.7411702458499891,2
Giron,RINCON DE GIRON,4,340,900,800,0.7314369419163897,2
Giron,RINCON DE GIRON,5,355,900,850,0.7227398848662433,2
Giron,RINCON DE GIRON,6,366,900,900,0.7102425250887505,3
Giron,RINCON DE GIRON,7,380,900,950,0.7026266508796231,3
Giron,RINCON DE GIRON,8,392,900,1000,0.697137002317335,1
Giron,RINCON DE GIRON,9,399,900,1050,0.680336051416609,3
Giron,RINCON DE GIRON,0,68,950,100,1.1357816691600546,0
Giron,RINCON DE GIRON,0,93,950,150,1.0923979738782625,0
Giron,RINCON DE GIRON,0,121,950,200,1.0606601717798212,0
Giron,RINCON DE GIRON,0,144,950,250,1.0256705123966467,0
Giron,RINCON DE GIRON,0,172,950,300,1.014889156509222,0
Giron,RINCON DE GIRON,0,202,950,350,0.9971387638065798,0
Giron,RINCON DE GIRON,0,229,950,400,0.972111104761179,0
Giron,RINCON DE GIRON,0,264,950,450,0.9649409884086753,0
Giron,RINCON DE GIRON,0,294,950,500,0.9539392014169457,0
Giron,RINCON DE GIRON,2,321,950,550,0.938083151964686,0
Giron,RINCON DE GIRON,4,344,950,600,0.9237604307034013,3
Giron,RINCON DE GIRON,4,367,950,650,0.9055385138137416,4
Giron,RINCON DE GIRON,4,385,950,700,0.8888194417315589,3
Giron,RINCON DE GIRON,4,397,950,750,0.8694826047713663,2
Giron,RINCON DE GIRON,4,414,950,800,0.85146931829632,2
Giron,RINCON DE GIRON,5,433,950,850,0.8401680504168059,2
Giron,RINCON DE GIRON,6,449,950,900,0.8306623862918074,2
Giron,RINCON DE GIRON,7,463,950,950,0.8156366580130744,4
Giron,RINCON DE GIRON,8,477,950,1000,0.8068457101577724,2
Giron,RINCON DE GIRON,9,487,950,1050,0.7892129895390362,6
Giron,RINCON DE GIRON,0,74,1000,100,1.445683229480096,0
Giron,RINCON DE GIRON,0,107,1000,150,1.373559851869101,0
Giron,RINCON DE GIRON,0,142,1000,200,1.3982131454109563,0
Giron,RINCON DE GIRON,0,176,1000,250,1.3475904422338414,0
Giron,RINCON DE GIRON,0,211,1000,300,1.3190905958272918,0
Giron,RINCON DE GIRON,0,242,1000,350,1.2873006086935783,0
Giron,RINCON DE GIRON,0,273,1000,400,1.2479983974348685,0
Giron,RINCON DE GIRON,0,309,1000,450,1.2364824660660938,0
Giron,RINCON DE GIRON,0,346,1000,500,1.2280065146407002,0
Giron,RINCON DE GIRON,2,374,1000,550,1.2037819192407357,1
Giron,RINCON DE GIRON,4,406,1000,600,1.190938005663323,4
Giron,RINCON DE GIRON,4,433,1000,650,1.1721118350422683,1
Giron,RINCON DE GIRON,4,460,1000,700,1.1501552690211627,2
Giron,RINCON DE GIRON,4,481,1000,750,1.1230909728661047,3
Giron,RINCON DE GIRON,4,503,1000,800,1.1022703842524302,2
Giron,RINCON DE GIRON,5,523,1000,850,1.081393436592752,3
Giron,RINCON DE GIRON,6,544,1000,900,1.0651030205780305,4
Giron,RINCON DE GIRON,7,563,1000,950,1.0483069056440737,4
Giron,RINCON DE GIRON,8,588,1000,1000,1.0382677881933928,3
Giron,RINCON DE GIRON,9,604,1000,1050,1.0160614904526952,8
Giron,RINCON DE GIRON,0,86,1050,100,2.4020824298928627,0
Giron,RINCON DE GIRON,0,122,1050,150,2.242022896106698,0
Giron,RINCON DE GIRON,0,163,1050,200,2.189748844045819,0
Giron,RINCON DE GIRON,0,200,1050,250,2.109028212234251,0
Giron,RINCON DE GIRON,0,237,1050,300,2.071231517720798,0
Giron,RINCON DE GIRON,0,274,1050,350,2.000714158208799,0
Giron,RINCON DE GIRON,0,310,1050,400,1.9319679086361656,0
Giron,RINCON DE GIRON,0,350,1050,450,1.8844392033470092,0
Giron,RINCON DE GIRON,0,391,1050,500,1.872431574183687,0
Giron,RINCON DE GIRON,2,434,1050,550,1.8571728269310073,0
Giron,RINCON DE GIRON,4,472,1050,600,1.829389697868299,2
Giron,RINCON DE GIRON,4,501,1050,650,1.7940071177287837,3
Giron,RINCON DE GIRON,4,535,1050,700,1.7598701250782278,2
Giron,RINCON DE GIRON,4,564,1050,750,1.7181385275931624,2
Giron,RINCON DE GIRON,4,602,1050,800,1.6859715300087366,1
Giron,RINCON DE GIRON,5,632,1050,850,1.6528051022072605,1
Giron,RINCON DE GIRON,6,666,1050,900,1.6244657241348273,2
Giron,RINCON DE GIRON,7,693,1050,950,1.5963774781146152,3
Giron,RINCON DE GIRON,8,722,1050,1000,1.5719414747375298,5
Giron,RINCON DE GIRON,9,755,1050,1050,1.540871738427866,2
Giron,PORTAL CAMPESTRE,0,3,600,100,0.17320508075688773,0
Giron,PORTAL CAMPESTRE,0,7,600,150,0.21602468994692867,0
Giron,PORTAL CAMPESTRE,0,8,600,200,0.2,0
Giron,PORTAL CAMPESTRE,0,8,600,250,0.17888543819998318,0
Giron,PORTAL CAMPESTRE,0,8,600,300,0.16329931618554522,0
Giron,PORTAL CAMPESTRE,0,8,600,350,0.15118578920369088,0
Giron,PORTAL CAMPESTRE,0,8,600,400,0.1414213562373095,0
Giron,PORTAL CAMPESTRE,0,8,600,450,0.13333333333333333,0
Giron,PORTAL CAMPESTRE,0,8,600,500,0.12649110640673517,0
Giron,PORTAL CAMPESTRE,0,8,600,550,0.12060453783110545,0
Giron,PORTAL CAMPESTRE,1,8,600,600,0.1224744871391589,0
Giron,PORTAL CAMPESTRE,1,8,600,650,0.10377490433255417,1
Giron,PORTAL CAMPESTRE,1,8,600,700,0.11338934190276817,0
Giron,PORTAL CAMPESTRE,1,8,600,750,0.10954451150103323,0
Giron,PORTAL CAMPESTRE,2,8,600,800,0.11180339887498948,0
Giron,PORTAL CAMPESTRE,3,8,600,850,0.11375929179890422,0
Giron,PORTAL CAMPESTRE,4,8,600,900,0.11547005383792516,0
Giron,PORTAL CAMPESTRE,4,8,600,950,0.11239029738980327,0
Giron,PORTAL CAMPESTRE,6,8,600,1000,0.11832159566199232,0
Giron,PORTAL CAMPESTRE,6,8,600,1050,0.11547005383792516,0
Giron,PORTAL CAMPESTRE,0,6,650,100,0.2449489742783178,0
Giron,PORTAL CAMPESTRE,0,10,650,150,0.2581988897471611,0
Giron,PORTAL CAMPESTRE,0,11,650,200,0.2345207879911715,0
Giron,PORTAL CAMPESTRE,0,11,650,250,0.20976176963403032,0
Giron,PORTAL CAMPESTRE,0,11,650,300,0.19148542155126763,0
Giron,PORTAL CAMPESTRE,0,12,650,350,0.1851640199545103,0
Giron,PORTAL CAMPESTRE,0,12,650,400,0.17320508075688773,0
Giron,PORTAL CAMPESTRE,0,12,650,450,0.16329931618554522,0
Giron,PORTAL CAMPESTRE,0,12,650,500,0.15491933384829668,0
Giron,PORTAL CAMPESTRE,0,12,650,550,0.14770978917519928,0
Giron,PORTAL CAMPESTRE,1,12,650,600,0.14719601443879746,0
Giron,PORTAL CAMPESTRE,1,12,650,650,0.13008872711759817,1
Giron,PORTAL CAMPESTRE,1,12,650,700,0.13627702877384937,0
Giron,PORTAL CAMPESTRE,1,12,650,750,0.13165611772087665,0
Giron,PORTAL CAMPESTRE,2,12,650,800,0.13228756555322954,0
Giron,PORTAL CAMPESTRE,3,12,650,850,0.1328422328310143,0
Giron,PORTAL CAMPESTRE,4,12,650,900,0.12472191289246472,1
Giron,PORTAL CAMPESTRE,4,12,650,950,0.12977713690461004,0
Giron,PORTAL CAMPESTRE,6,12,650,1000,0.1341640786499874,0
Giron,PORTAL CAMPESTRE,6,12,650,1050,0.13093073414159542,0
Giron,PORTAL CAMPESTRE,0,10,700,100,0.31622776601683794,0
Giron,PORTAL CAMPESTRE,0,14,700,150,0.30550504633038933,0
Giron,PORTAL CAMPESTRE,0,17,700,200,0.29154759474226505,0
Giron,PORTAL CAMPESTRE,0,17,700,250,0.260768096208106,0
Giron,PORTAL CAMPESTRE,0,17,700,300,0.23804761428476165,0
Giron,PORTAL CAMPESTRE,0,18,700,350,0.22677868380553634,0
Giron,PORTAL CAMPESTRE,0,19,700,400,0.21794494717703367,0
Giron,PORTAL CAMPESTRE,0,19,700,450,0.20548046676563256,0
Giron,PORTAL CAMPESTRE,0,20,700,500,0.2,0
Giron,PORTAL CAMPESTRE,0,20,700,550,0.19069251784911845,0
Giron,PORTAL CAMPESTRE,1,21,700,600,0.19148542155126763,0
Giron,PORTAL CAMPESTRE,1,21,700,650,0.17541160386140583,1
Giron,PORTAL CAMPESTRE,1,21,700,700,0.17728105208558367,0
Giron,PORTAL CAMPESTRE,1,21,700,750,0.17126976771553507,0
Giron,PORTAL CAMPESTRE,2,21,700,800,0.1695582495781317,0
Giron,PORTAL CAMPESTRE,3,21,700,850,0.16803361008336118,0
Giron,PORTAL CAMPESTRE,4,21,700,900,0.15986105077709065,1
Giron,PORTAL CAMPESTRE,4,21,700,950,0.16222142113076254,0
Giron,PORTAL CAMPESTRE,6,21,700,1000,0.16431676725154984,0
Giron,PORTAL CAMPESTRE,6,21,700,1050,0.16035674514745463,0
Giron,PORTAL CAMPESTRE,0,12,750,100,0.34641016151377546,0
Giron,PORTAL CAMPESTRE,0,18,750,150,0.34641016151377546,0
Giron,PORTAL CAMPESTRE,0,22,750,200,0.33166247903553997,0
Giron,PORTAL CAMPESTRE,0,22,750,250,0.2966479394838265,0
Giron,PORTAL CAMPESTRE,0,23,750,300,0.27688746209726917,0
Giron,PORTAL CAMPESTRE,0,25,750,350,0.2672612419124244,0
Giron,PORTAL CAMPESTRE,0,27,750,400,0.2598076211353316,0
Giron,PORTAL CAMPESTRE,0,28,750,450,0.24944382578492943,0
Giron,PORTAL CAMPESTRE,0,29,750,500,0.24083189157584592,0
Giron,PORTAL CAMPESTRE,0,30,750,550,0.23354968324845687,0
Giron,PORTAL CAMPESTRE,1,31,750,600,0.23094010767585033,0
Giron,PORTAL CAMPESTRE,1,32,750,650,0.21838568563966754,1
Giron,PORTAL CAMPESTRE,1,32,750,700,0.21712405933672377,0
Giron,PORTAL CAMPESTRE,1,32,750,750,0.20976176963403032,0
Giron,PORTAL CAMPESTRE,2,32,750,800,0.20615528128088303,0
Giron,PORTAL CAMPESTRE,3,32,750,850,0.20291986247835694,0
Giron,PORTAL CAMPESTRE,4,32,750,900,0.2,0
Giron,PORTAL CAMPESTRE,4,32,750,950,0.18918106058538345,1
Giron,PORTAL CAMPESTRE,6,32,750,1000,0.19493588689617927,0
Giron,PORTAL CAMPESTRE,6,32,750,1050,0.19023794624226836,0
Giron,PORTAL CAMPESTRE,0,20,800,100,0.4472135954999579,0
Giron,PORTAL CAMPESTRE,0,29,800,150,0.43969686527576396,0
Giron,PORTAL CAMPESTRE,0,36,800,200,0.4242640687119285,0
Giron,PORTAL CAMPESTRE,0,38,800,250,0.38987177379235854,0
Giron,PORTAL CAMPESTRE,0,41,800,300,0.3696845502136472,0
Giron,PORTAL CAMPESTRE,0,44,800,350,0.35456210417116735,0
Giron,PORTAL CAMPESTRE,0,46,800,400,0.3391164991562634,0
Giron,PORTAL CAMPESTRE,0,48,800,450,0.32659863237109044,0
Giron,PORTAL CAMPESTRE,0,50,800,500,0.31622776601683794,0
Giron,PORTAL CAMPESTRE,0,53,800,550,0.310424928708434,0
Giron,PORTAL CAMPESTRE,1,55,800,600,0.30550504633038933,0
Giron,PORTAL CAMPESTRE,1,59,800,650,0.29871519752227077,1
Giron,PORTAL CAMPESTRE,1,59,800,700,0.29277002188455997,0
Giron,PORTAL CAMPESTRE,1,60,800,750,0.2851899951494325,0
Giron,PORTAL CAMPESTRE,2,60,800,800,0.2783882181415011,0
Giron,PORTAL CAMPESTRE,3,60,800,850,0.26346112560657287,2
Giron,PORTAL CAMPESTRE,4,60,800,900,0.26246692913372704,1
Giron,PORTAL CAMPESTRE,4,60,800,950,0.255466549463402,1
Giron,PORTAL CAMPESTRE,6,60,800,1000,0.25298221281347033,1
Giron,PORTAL CAMPESTRE,6,60,800,1050,0.2507132682112035,0
Giron,PORTAL CAMPESTRE,0,25,850,100,0.5,0
Giron,PORTAL CAMPESTRE,0,36,850,150,0.4898979485566356,0
Giron,PORTAL CAMPESTRE,0,47,850,200,0.4847679857416329,0
Giron,PORTAL CAMPESTRE,0,51,850,250,0.45166359162544856,0
Giron,PORTAL CAMPESTRE,0,55,850,300,0.4281744192888376,0
Giron,PORTAL CAMPESTRE,0,58,850,350,0.4070801956792859,0
Giron,PORTAL CAMPESTRE,0,62,850,400,0.39370039370059057,0
Giron,PORTAL CAMPESTRE,0,66,850,450,0.38297084310253526,0
Giron,PORTAL CAMPESTRE,0,68,850,500,0.3687817782917155,0
Giron,PORTAL CAMPESTRE,0,74,850,550,0.36680438185149117,0
Giron,PORTAL CAMPESTRE,1,83,850,600,0.37416573867739417,0
Giron,PORTAL CAMPESTRE,1,89,850,650,0.36794648440311994,1
Giron,PORTAL CAMPESTRE,1,90,850,700,0.36055512754639896,0
Giron,PORTAL CAMPESTRE,1,91,850,750,0.34641016151377546,1
Giron,PORTAL CAMPESTRE,2,92,850,800,0.3427827300200522,0
Giron,PORTAL CAMPESTRE,3,92,850,850,0.3307744922237541,1
Giron,PORTAL CAMPESTRE,4,92,850,900,0.3231786571610886,1
Giron,PORTAL CAMPESTRE,4,92,850,950,0.3111946420861996,2
Giron,PORTAL CAMPESTRE,6,92,850,1000,0.3065941943351178,2
Giron,PORTAL CAMPESTRE,6,92,850,1050,0.30550504633038933,0
Giron,PORTAL CAMPESTRE,0,38,900,100,0.6164414002968976,0
Giron,PORTAL CAMPESTRE,0,53,900,150,0.594418483337567,0
Giron,PORTAL CAMPESTRE,0,65,900,200,0.570087712549569,0
Giron,PORTAL CAMPESTRE,0,75,900,250,0.5477225575051661,0
Giron,PORTAL CAMPESTRE,0,83,900,300,0.5259911279353167,0
Giron,PORTAL CAMPESTRE,0,87,900,350,0.4985693819032899,0
Giron,PORTAL CAMPESTRE,0,94,900,400,0.4847679857416329,0
Giron,PORTAL CAMPESTRE,0,99,900,450,0.469041575982343,0
Giron,PORTAL CAMPESTRE,0,104,900,500,0.45607017003965516,0
Giron,PORTAL CAMPESTRE,0,114,900,550,0.45527214638359687,0
Giron,PORTAL CAMPESTRE,1,125,900,600,0.458257569495584,0
Giron,PORTAL CAMPESTRE,1,134,900,650,0.4523443208612048,1
Giron,PORTAL CAMPESTRE,1,138,900,700,0.44561354172806344,0
Giron,PORTAL CAMPESTRE,1,143,900,750,0.43512450325548585,1
Giron,PORTAL CAMPESTRE,2,146,900,800,0.42720018726587655,1
Giron,PORTAL CAMPESTRE,3,150,900,850,0.4186814035123352,2
Giron,PORTAL CAMPESTRE,4,153,900,900,0.41231056256176607,2
Giron,PORTAL CAMPESTRE,4,156,900,950,0.40522898010358227,2
Giron,PORTAL CAMPESTRE,6,160,900,1000,0.4,3
Giron,PORTAL CAMPESTRE,6,161,900,1050,0.3964124835860459,1
Giron,PORTAL CAMPESTRE,0,36,950,100,0.6,0
Giron,PORTAL CAMPESTRE,0,53,950,150,0.594418483337567,0
Giron,PORTAL CAMPESTRE,0,71,950,200,0.5958187643906492,0
Giron,PORTAL CAMPESTRE,0,86,950,250,0.5865151319446071,0
Giron,PORTAL CAMPESTRE,0,95,950,300,0.5627314338711378,0
Giron,PORTAL CAMPESTRE,0,104,950,350,0.5451081150953975,0
Giron,PORTAL CAMPESTRE,0,115,950,400,0.5361902647381804,0
Giron,PORTAL CAMPESTRE,0,122,950,450,0.5206833117271104,0
Giron,PORTAL CAMPESTRE,0,134,950,500,0.5176871642217914,0
Giron,PORTAL CAMPESTRE,0,147,950,550,0.5169842621131975,0
Giron,PORTAL CAMPESTRE,1,164,950,600,0.5212165257037297,1
Giron,PORTAL CAMPESTRE,1,178,950,650,0.5218310955737424,1
Giron,PORTAL CAMPESTRE,1,193,950,700,0.5237229365663817,1
Giron,PORTAL CAMPESTRE,1,204,950,750,0.5202563470700445,1
Giron,PORTAL CAMPESTRE,2,210,950,800,0.5099019513592785,2
Giron,PORTAL CAMPESTRE,3,218,950,850,0.505266382858645,2
Giron,PORTAL CAMPESTRE,4,227,950,900,0.5044248650140518,1
Giron,PORTAL CAMPESTRE,4,237,950,950,0.49736145915484,3
Giron,PORTAL CAMPESTRE,6,243,950,1000,0.4969909455915671,1
Giron,PORTAL CAMPESTRE,6,247,950,1050,0.4908690058991105,0
Giron,PORTAL CAMPESTRE,0,48,1000,100,0.7745966692414834,0
Giron,PORTAL CAMPESTRE,0,83,1000,150,0.8326663997864531,0
Giron,PORTAL CAMPESTRE,0,113,1000,200,0.8366600265340756,0
Giron,PORTAL CAMPESTRE,0,134,1000,250,0.8099382692526635,0
Giron,PORTAL CAMPESTRE,0,159,1000,300,0.7937253933193772,0
Giron,PORTAL CAMPESTRE,0,179,1000,350,0.7782764841072135,0
Giron,PORTAL CAMPESTRE,0,198,1000,400,0.7599342076785331,0
Giron,PORTAL CAMPESTRE,0,217,1000,450,0.7498147919467995,0
Giron,PORTAL CAMPESTRE,0,234,1000,500,0.7348469228349535,0
Giron,PORTAL CAMPESTRE,0,253,1000,550,0.7286350876186865,0
Giron,PORTAL CAMPESTRE,1,277,1000,600,0.7302967433402214,0
Giron,PORTAL CAMPESTRE,1,290,1000,650,0.7136040703574842,1
Giron,PORTAL CAMPESTRE,1,305,1000,700,0.7030545599636733,1
Giron,PORTAL CAMPESTRE,1,325,1000,750,0.7004760286167305,0
Giron,PORTAL CAMPESTRE,2,337,1000,800,0.6882949948968102,1
Giron,PORTAL CAMPESTRE,3,349,1000,850,0.6790997501017323,1
Giron,PORTAL CAMPESTRE,4,371,1000,900,0.6741249472052228,4
Giron,PORTAL CAMPESTRE,4,387,1000,950,0.6719962405909881,2
Giron,PORTAL CAMPESTRE,6,403,1000,1000,0.6655824516917495,4
Giron,PORTAL CAMPESTRE,6,420,1000,1050,0.6647591758710533,2
Giron,PORTAL CAMPESTRE,0,68,1050,100,1.2806248474865698,0
Giron,PORTAL CAMPESTRE,0,107,1050,150,1.3038404810405297,0
Giron,PORTAL CAMPESTRE,0,147,1050,200,1.2609520212918492,0
Giron,PORTAL CAMPESTRE,0,176,1050,250,1.1983321743156194,0
Giron,PORTAL CAMPESTRE,0,202,1050,300,1.1460075625114057,0
Giron,PORTAL CAMPESTRE,0,228,1050,350,1.0954451150103321,0
Giron,PORTAL CAMPESTRE,0,254,1050,400,1.0665364503850772,0
Giron,PORTAL CAMPESTRE,0,279,1050,450,1.0392304845413265,0
Giron,PORTAL CAMPESTRE,0,299,1050,500,1.0089598604503551,0
Giron,PORTAL CAMPESTRE,0,321,1050,550,0.9963570006414733,0
Giron,PORTAL CAMPESTRE,1,344,1050,600,0.9780933834080806,1
Giron,PORTAL CAMPESTRE,1,365,1050,650,0.9583639905910167,0
Giron,PORTAL CAMPESTRE,1,381,1050,700,0.9365590516047865,1
Giron,PORTAL CAMPESTRE,1,403,1050,750,0.920869154657707,1
Giron,PORTAL CAMPESTRE,2,428,1050,800,0.9137833441248533,1
Giron,PORTAL CAMPESTRE,3,446,1050,850,0.8990190732780073,1
Giron,PORTAL CAMPESTRE,4,466,1050,900,0.8831760866327847,4
Giron,PORTAL CAMPESTRE,4,486,1050,950,0.8777962837637636,2
Giron,PORTAL CAMPESTRE,6,506,1050,1000,0.864291617453276,5
Giron,PORTAL CAMPESTRE,6,520,1050,1050,0.8535639569308374,1
Giron,BELLAVISTA,0,5,600,100,0.22360679774997896,0
Giron,BELLAVISTA,0,6,600,150,0.2,0
Giron,BELLAVISTA,0,8,600,200,0.2,0
Giron,BELLAVISTA,0,8,600,250,0.17888543819998318,0
Giron,BELLAVISTA,0,9,600,300,0.17320508075688773,0
Giron,BELLAVISTA,0,9,600,350,0.16035674514745463,0
Giron,BELLAVISTA,0,9,600,400,0.15,0
Giron,BELLAVISTA,0,9,600,450,0.1414213562373095,0
Giron,BELLAVISTA,0,9,600,500,0.1341640786499874,0
Giron,BELLAVISTA,2,9,600,550,0.1414213562373095,0
Giron,BELLAVISTA,3,9,600,600,0.12909944487358055,1
Giron,BELLAVISTA,3,9,600,650,0.1358732440973515,0
Giron,BELLAVISTA,4,9,600,700,0.13627702877384937,0
Giron,BELLAVISTA,4,9,600,750,0.13165611772087665,0
Giron,BELLAVISTA,4,9,600,800,0.12747548783981963,0
Giron,BELLAVISTA,4,9,600,850,0.12366938848016847,0
Giron,BELLAVISTA,5,9,600,900,0.12472191289246472,0
Giron,BELLAVISTA,6,9,600,950,0.12565617248750865,0
Giron,BELLAVISTA,6,9,600,1000,0.1224744871391589,0
Giron,BELLAVISTA,8,9,600,1050,0.13451854182690984,0
Giron,BELLAVISTA,0,7,650,100,0.2645751311064591,0
Giron,BELLAVISTA,0,10,650,150,0.2581988897471611,0
Giron,BELLAVISTA,0,12,650,200,0.2449489742783178,0
Giron,BELLAVISTA,0,12,650,250,0.21908902300206645,0
Giron,BELLAVISTA,0,15,650,300,0.22360679774997896,0
Giron,BELLAVISTA,0,15,650,350,0.20701966780270625,0
Giron,BELLAVISTA,0,15,650,400,0.19364916731037085,0
Giron,BELLAVISTA,0,16,650,450,0.18856180831641267,0
Giron,BELLAVISTA,0,16,650,500,0.17888543819998318,0
Giron,BELLAVISTA,2,16,650,550,0.18090680674665818,0
Giron,BELLAVISTA,3,16,650,600,0.16832508230603463,1
Giron,BELLAVISTA,3,16,650,650,0.17097008285302207,0
Giron,BELLAVISTA,4,16,650,700,0.1690308509457033,0
Giron,BELLAVISTA,4,16,650,750,0.16329931618554522,0
Giron,BELLAVISTA,4,16,650,800,0.15811388300841897,0
Giron,BELLAVISTA,4,16,650,850,0.1533929977694741,0
Giron,BELLAVISTA,5,16,650,900,0.15275252316519466,0
Giron,BELLAVISTA,6,16,650,950,0.15217718205053643,0
Giron,BELLAVISTA,6,16,650,1000,0.14832396974191325,0
Giron,BELLAVISTA,8,16,650,1050,0.15118578920369088,1
Giron,BELLAVISTA,0,11,700,100,0.33166247903553997,0
Giron,BELLAVISTA,0,14,700,150,0.30550504633038933,0
Giron,BELLAVISTA,0,19,700,200,0.3082207001484488,0
Giron,BELLAVISTA,0,20,700,250,0.282842712474619,0
Giron,BELLAVISTA,0,24,700,300,0.282842712474619,0
Giron,BELLAVISTA,0,27,700,350,0.27774602993176545,0
Giron,BELLAVISTA,0,27,700,400,0.2598076211353316,0
Giron,BELLAVISTA,0,29,700,450,0.2538591035287969,0
Giron,BELLAVISTA,0,29,700,500,0.24083189157584592,0
Giron,BELLAVISTA,2,29,700,550,0.23741027013091992,0
Giron,BELLAVISTA,3,30,700,600,0.2273030282830976,1
Giron,BELLAVISTA,3,30,700,650,0.22532028485964323,0
Giron,BELLAVISTA,4,30,700,700,0.2138089935299395,1
Giron,BELLAVISTA,4,30,700,750,0.21291625896895083,0
Giron,BELLAVISTA,4,30,700,800,0.20615528128088303,0
Giron,BELLAVISTA,4,30,700,850,0.2,0
Giron,BELLAVISTA,5,30,700,900,0.19720265943665388,0
Giron,BELLAVISTA,6,30,700,950,0.19466570535691505,0
Giron,BELLAVISTA,6,30,700,1000,0.18973665961010275,0
Giron,BELLAVISTA,8,30,700,1050,0.19518001458970666,0
Giron,BELLAVISTA,0,12,750,100,0.34641016151377546,0
Giron,BELLAVISTA,0,21,750,150,0.37416573867739417,0
Giron,BELLAVISTA,0,27,750,200,0.3674234614174767,0
Giron,BELLAVISTA,0,29,750,250,0.34058772731852804,0
Giron,BELLAVISTA,0,36,750,300,0.34641016151377546,0
Giron,BELLAVISTA,0,37,750,350,0.32513733362117264,0
Giron,BELLAVISTA,0,38,750,400,0.3082207001484488,0
Giron,BELLAVISTA,0,39,750,450,0.2943920288775949,0
Giron,BELLAVISTA,0,39,750,500,0.2792848008753788,0
Giron,BELLAVISTA,2,39,750,550,0.273030134866931,0
Giron,BELLAVISTA,3,40,750,600,0.2614064523559687,1
Giron,BELLAVISTA,3,41,750,650,0.26017745423519634,0
Giron,BELLAVISTA,4,41,750,700,0.24784787961282104,1
Giron,BELLAVISTA,4,41,750,750,0.2449489742783178,0
Giron,BELLAVISTA,4,41,750,800,0.23717082451262844,0
Giron,BELLAVISTA,4,41,750,850,0.23008949665421113,0
Giron,BELLAVISTA,5,41,750,900,0.22607766610417562,0
Giron,BELLAVISTA,6,41,750,950,0.22242680641174148,0
Giron,BELLAVISTA,6,41,750,1000,0.21213203435596426,1
Giron,BELLAVISTA,8,41,750,1050,0.2203892660077359,0
Giron,BELLAVISTA,0,15,800,100,0.3872983346207417,0
Giron,BELLAVISTA,0,25,800,150,0.408248290463863,0
Giron,BELLAVISTA,0,31,800,200,0.39370039370059057,0
Giron,BELLAVISTA,0,35,800,250,0.37416573867739417,0
Giron,BELLAVISTA,0,49,800,300,0.40414518843273806,0
Giron,BELLAVISTA,0,51,800,350,0.38172540616821105,0
Giron,BELLAVISTA,0,57,800,400,0.37749172176353746,0
Giron,BELLAVISTA,0,60,800,450,0.3651483716701107,0
Giron,BELLAVISTA,0,61,800,500,0.3492849839314596,0
Giron,BELLAVISTA,2,62,800,550,0.3411211461689767,0
Giron,BELLAVISTA,3,63,800,600,0.32659863237109044,1
Giron,BELLAVISTA,3,63,800,650,0.3186510027262766,0
Giron,BELLAVISTA,4,64,800,700,0.31167748898959186,0
Giron,BELLAVISTA,4,65,800,750,0.30331501776206204,0
Giron,BELLAVISTA,4,65,800,800,0.2936835031117683,0
Giron,BELLAVISTA,4,65,800,850,0.28075528385368764,1
Giron,BELLAVISTA,5,65,800,900,0.27888667551135854,0
Giron,BELLAVISTA,6,65,800,950,0.2695024655682549,1
Giron,BELLAVISTA,6,65,800,1000,0.2588435821108957,2
Giron,BELLAVISTA,8,65,800,1050,0.2672612419124244,0
Giron,BELLAVISTA,0,22,850,100,0.469041575982343,0
Giron,BELLAVISTA,0,36,850,150,0.4898979485566356,0
Giron,BELLAVISTA,0,49,850,200,0.4949747468305833,0
Giron,BELLAVISTA,0,61,850,250,0.4939635614091388,0
Giron,BELLAVISTA,0,75,850,300,0.5,0
Giron,BELLAVISTA,0,86,850,350,0.4956957592256421,0
Giron,BELLAVISTA,0,98,850,400,0.4949747468305833,0
Giron,BELLAVISTA,0,110,850,450,0.4944132324730442,0
Giron,BELLAVISTA,0,116,850,500,0.48166378315169184,0
Giron,BELLAVISTA,2,121,850,550,0.469041575982343,1
Giron,BELLAVISTA,3,123,850,600,0.4546060565661952,1
Giron,BELLAVISTA,3,126,850,650,0.44202331995565053,1
Giron,BELLAVISTA,4,128,850,700,0.427617987059879,2
Giron,BELLAVISTA,4,129,850,750,0.42110964526276684,0
Giron,BELLAVISTA,4,131,850,800,0.4107919181288746,0
Giron,BELLAVISTA,4,133,850,850,0.39852669849304284,1
Giron,BELLAVISTA,5,133,850,900,0.3858612300930075,2
Giron,BELLAVISTA,6,134,850,950,0.38113404189961414,1
Giron,BELLAVISTA,6,135,850,1000,0.3674234614174767,3
Giron,BELLAVISTA,8,135,850,1050,0.37161167647860327,0
Giron,BELLAVISTA,0,33,900,100,0.5744562646538028,0
Giron,BELLAVISTA,0,48,900,150,0.565685424949238,0
Giron,BELLAVISTA,0,65,900,200,0.5830951894845301,0
Giron,BELLAVISTA,0,79,900,250,0.5727128425310541,0
Giron,BELLAVISTA,0,92,900,300,0.5627314338711378,0
Giron,BELLAVISTA,0,104,900,350,0.552914356581818,0
Giron,BELLAVISTA,0,122,900,400,0.5590169943749475,0
Giron,BELLAVISTA,0,133,900,450,0.5497474167490214,0
Giron,BELLAVISTA,0,139,900,500,0.532916503778969,0
Giron,BELLAVISTA,2,146,900,550,0.5169842621131975,2
Giron,BELLAVISTA,3,150,900,600,0.5066228051190221,1
Giron,BELLAVISTA,3,156,900,650,0.4961389383568338,1
Giron,BELLAVISTA,4,161,900,700,0.48403069560278333,2
Giron,BELLAVISTA,4,162,900,750,0.47187568984497036,1
Giron,BELLAVISTA,4,163,900,800,0.458257569495584,1
Giron,BELLAVISTA,4,165,900,850,0.4472135954999579,1
Giron,BELLAVISTA,5,166,900,900,0.43716256828680006,1
Giron,BELLAVISTA,6,168,900,950,0.42919753763947605,1
Giron,BELLAVISTA,6,169,900,1000,0.4171330722922842,2
Giron,BELLAVISTA,8,170,900,1050,0.4174754056057845,0
Giron,BELLAVISTA,0,40,950,100,0.6557438524302001,0
Giron,BELLAVISTA,0,58,950,150,0.6377042156569663,0
Giron,BELLAVISTA,0,77,950,200,0.6442049363362563,0
Giron,BELLAVISTA,0,95,950,250,0.644980619863884,0
Giron,BELLAVISTA,0,110,950,300,0.6298147875897061,0
Giron,BELLAVISTA,0,131,950,350,0.6324555320336759,0
Giron,BELLAVISTA,0,156,950,400,0.6422616289332564,0
Giron,BELLAVISTA,0,171,950,450,0.6324555320336759,0
Giron,BELLAVISTA,0,176,950,500,0.6082762530298219,0
Giron,BELLAVISTA,2,193,950,550,0.6060303022726894,1
Giron,BELLAVISTA,3,202,950,600,0.594418483337567,1
Giron,BELLAVISTA,3,210,950,650,0.5817744738827396,1
Giron,BELLAVISTA,4,221,950,700,0.568205194324324,4
Giron,BELLAVISTA,4,224,950,750,0.5573747990954261,2
Giron,BELLAVISTA,4,229,950,800,0.5454356057317857,2
Giron,BELLAVISTA,4,233,950,850,0.5379700407140553,0
Giron,BELLAVISTA,5,240,950,900,0.5291502622129182,1
Giron,BELLAVISTA,6,244,950,950,0.5160579322844328,3
Giron,BELLAVISTA,6,248,950,1000,0.5089204259999789,2
Giron,BELLAVISTA,8,251,950,1050,0.50709255283711,0
Giron,BELLAVISTA,0,48,1000,100,0.7745966692414834,0
Giron,BELLAVISTA,0,72,1000,150,0.7745966692414834,0
Giron,BELLAVISTA,0,97,1000,200,0.7874007874011811,0
Giron,BELLAVISTA,0,121,1000,250,0.7771743691090179,0
Giron,BELLAVISTA,0,145,1000,300,0.7637626158259734,0
Giron,BELLAVISTA,0,175,1000,350,0.7653197277702214,0
Giron,BELLAVISTA,0,198,1000,400,0.7745966692414834,0
Giron,BELLAVISTA,0,222,1000,450,0.7702813338860895,0
Giron,BELLAVISTA,0,234,1000,500,0.7469939758793239,0
Giron,BELLAVISTA,2,256,1000,550,0.7458978726096733,0
Giron,BELLAVISTA,3,269,1000,600,0.7280109889280518,1
Giron,BELLAVISTA,3,280,1000,650,0.7092791573681854,2
Giron,BELLAVISTA,4,294,1000,700,0.6948792289723034,4
Giron,BELLAVISTA,4,304,1000,750,0.6831300510639732,1
Giron,BELLAVISTA,4,314,1000,800,0.6708203932499369,3
Giron,BELLAVISTA,4,323,1000,850,0.6624375664255197,1
Giron,BELLAVISTA,5,335,1000,900,0.6531972647421809,2
Giron,BELLAVISTA,6,349,1000,950,0.6448173956122853,4
Giron,BELLAVISTA,6,358,1000,1000,0.6371812928829597,3
Giron,BELLAVISTA,8,365,1000,1050,0.6347102826149447,0
Giron,BELLAVISTA,0,64,1050,100,1.1445523142259597,0
Giron,BELLAVISTA,0,93,1050,150,1.104536101718726,0
Giron,BELLAVISTA,0,121,1050,200,1.0630145812734648,0
Giron,BELLAVISTA,0,145,1050,250,1.0449880382090506,0
Giron,BELLAVISTA,0,175,1050,300,1.03440804327886,0
Giron,BELLAVISTA,0,202,1050,350,1.01418510567422,0
Giron,BELLAVISTA,0,235,1050,400,1.023474474522936,0
Giron,BELLAVISTA,0,261,1050,450,1.0011104945120803,0
Giron,BELLAVISTA,0,288,1050,500,0.9777525249264253,0
Giron,BELLAVISTA,2,312,1050,550,0.9601136296387953,0
Giron,BELLAVISTA,3,340,1050,600,0.944281031614353,2
Giron,BELLAVISTA,3,359,1050,650,0.9339741389929875,0
Giron,BELLAVISTA,4,384,1050,700,0.9157354577449912,3
Giron,BELLAVISTA,4,408,1050,750,0.9070097390142328,3
Giron,BELLAVISTA,4,426,1050,800,0.8930285549745876,1
Giron,BELLAVISTA,4,441,1050,850,0.8778315529155453,2
Giron,BELLAVISTA,5,452,1050,900,0.856997342145496,3
Giron,BELLAVISTA,6,468,1050,950,0.8423026084552548,5
Giron,BELLAVISTA,6,488,1050,1000,0.8354639429682169,5
Giron,BELLAVISTA,8,500,1050,1050,0.8257752490264902,2
